Article Name;Description;Published At;Source;Tag 
The Tucker Carlson Road Show;Carlson has spent the year after his Fox News firing promoting Donald Trump and conspiracy theories and interviewing figures including J. D. Vance, Alex Jones, Vladimir Putin, Robert F. Kennedy, Jr., and Roseanne Barr. Andrew Marantz reports.;2024-11-01T10:00:00Z;The New Yorker;Public Appearances and Interviews
What could we see from a Vice President JD Vance?;"Vance will be Trump's ""eyes and ears"" in the Senate, a source said.";2024-11-14T22:13:24Z;ABC News;Political Views
Opinion - JD Vance is right: Reduce the power of big foundations to help charity;;2024-11-15T12:30:00Z;Yahoo Entertainment;Political Views
JD Vance says pumping more oil will make housing cheaper. Economists say that's a stretch.;Economists say when it comes to home building, looser rules, cheaper building materials, and more workers are more important than energy costs.;2024-11-01T09:00:01Z;Business Insider;Political Views
Kavanaugh on steroids': Gaetz, Vance meet with GOP senators amid questions;Former Rep. Matt Gaetz met with senators on Capitol Hill on Wednesday alongside Vice President-elect JD Vance.;2024-11-21T00:29:46Z;ABC News;Public Appearances and Interviews
Vance, Gaetz call senators to shore up support amid GOP concerns;Vice President-elect JD Vance has been working the phones reaching out to senators trying to gauge support for former Florida Rep. Matt Gaetz.;2024-11-15T18:03:45Z;ABC News;Public Appearances and Interviews
JD Vance’s Latest Trump Line Left Jake Tapper Laughing During Brutal CNN Interview;Jake Tapper couldn’t hold back his laughter after Republican vice presidential candidate JD Vance revealed a new theory about why several big-name...;2024-10-27T16:17:22Z;Daily Beast;Controversies in Media
JD Vance's wife, Usha Vance, set to become history-making second lady;With Ohio Sen. JD Vance set to become the next vice president, Usha Vance is set to be the first Indian American second lady in the White House.;2024-11-06T19:02:30Z;ABC News;Personal
FBI Investigates Claims China Tried To Hack Donald Trump's Phone;Joe Biden's administration is investigating alleged Chinese efforts to hack US telecoms infrastructure amid reports hackers had targeted the phones of former president Donald Trump and his running mate JD Vance. Financial Times: The FBI and the Cybersecurity …;2024-10-25T21:00:00Z;Slashdot.org;Controversies in Media
Trump campaign looks to Vance to help them over the finish line in Pennsylvania;After being named former President Donald Trump's running mate, it was clear that one of Sen. JD Vance's primary roles was to help win Pennsylvania.;2024-11-04T20:36:43Z;ABC News;Public Appearances and Interviews
How will Vice President-elect JD Vance's Senate seat be filled?;Vice President-elect JD Vance has served in the U.S. Senate for less than two years and soon the process will begin to pick his replacement in the upper chamber.;2024-11-07T21:09:59Z;ABC News;Senate Position
WATCH: JD Vance will still ‘love you’ if you don’t vote for him;Former President Donald Trump’s running mate spoke to reporters after voting on Election Day in Ohio.;2024-11-05T14:37:03Z;ABC News;Public Appearances and Interviews
Here’s How Much J.D. Vance Is Worth;"JD Vance's net worth was boosted by his book ""Hillbilly Elegy"" and his work in the military and venture capital.";2024-11-04T06:29:26Z;Forbes;Personal
JD Vance Utterly Trashed Over 'Jaw-Dropping' Closing Insult Of Kamala Harris;;2024-11-05T08:51:50Z;Yahoo Entertainment;Controversies in Media
JD Vance to visit Wausau, Tim Walz to visit Manitowoc and Waukesha, on Monday;Both major party vice presidential nominees will campaign in Wisconsin on Monday.;2024-10-26T22:15:42Z;Milwaukee Journal Sentinel;Opposition Interactions 
US says China-linked hackers behind ‘significant’ cyberespionage campaign;FBI announcement follows alleged targeting of mobile phones used by Donald Trump and JD Vance.;2024-11-14T08:13:45Z;Al Jazeera English;Controversies in Media
Trump didn’t gut foreign aid last time. This time could be different.;On the campaign trail, President-elect Donald Trump and Vice President-elect JD Vance did not sound like guys likely to support foreign aid spending. Vance would rail against Kamala Harris, who he alleged “taxed money from the American taxpayer, sent it off t…;2024-11-15T19:06:10Z;Vox;Political Views
Senate GOP fumes at JD Vance over vote no-shows...;Senate Republicans aired frustrations Tuesday after Vice President-elect Vance and other party members skipped votes Monday, greasing the skids for Democratic-backed judicial nominees to be greenlighted as part of a final push to fill the bench with lifetime …;2024-11-19T23:49:36Z;The Hill;Opposition Interactions 
JD Vance Offers the Most Ridiculous Reason to Support Matt Gaetz;"J.D. Vance arrived on Capitol Hill Wednesday with the bleak task of drumming up support for Trump’s would-be attorney general Matt Gaetz. 
“Donald J. Trump just won a major electoral victory. His coattails turned a 49-51 senate to a 53-47 senate,” the vice p…";2024-11-20T20:06:25Z;The New Republic;Political Views
Donald Trump Tells Madison Square Garden Rally That Political Rivals Are The “Enemy From Within”;Speaking to his Madison Square Garden rally this evening, Donald Trump revived his attack on Democrats as “the enemy from within,” despite efforts earlier in the day by his running mate, JD Vance, to try to clarify what he actually meant. “We’re running again…;2024-10-28T01:21:29Z;Deadline;Controversies in Media
JD Vance questions reaction to racist Puerto Rico joke at Trump rally;Republican Vice Presidential Candidate JD Vance suggested that people should ‘take a chill pill’.;2024-10-29T09:21:43Z;Al Jazeera English;Controversies in Media
‘We expect to win’ says Trump’s running mate JD Vance;A confident Republican vice presidential candidate JD Vance spoke to reporters in Cincinnati, Ohio.;2024-11-05T17:56:22Z;Al Jazeera English;Public Appearances and Interviews
JD Vance And Building A “Working Class Capitalism”;"In recent years, JD Vance has departed from traditional Republican Party positions and championed a ""working class capitalism."" Now he is in a position to advance such an economy.";2024-11-19T15:02:54Z;Forbes;Political Views
JD Vance Tells Rogan He Went Into ‘Fight Or Flight’ Mode After Thinking Trump Was Killed In Assassination Attempt;Vance made the comments on the “Joe Rogan Experience” podcast, days after Trump appeared for an interview.;2024-10-31T20:57:52Z;Forbes;Controversies in Media
Did JD Vance Just Subtweet Trump (Before Cowardly Deleting His Post)?;"JD Vance deleted his social media meltdown calling a Donald Trump ally a “mouth breathing imbecile” Tuesday, after she scolded him for not showing up to his job—and defied the president-elect in the process.
As the Senate Democrats race to approve President …";2024-11-19T21:18:36Z;The New Republic;Controversies in Media
Gaetz AG Confirmation Updates: Report On Sexual Misconduct Claims Stuck In Limbo As Gaetz Lobbies GOP Lawmakers;Gaetz returned to Capitol Hill Wednesday alongside Vice President-elect Sen. JD Vance, R-Ohio, to meet with lawmakers weighing whether to confirm him as attorney general.;2024-11-20T21:23:21Z;Forbes;Public Appearances and Interviews
Scab Alert: JD Vance Slammed After Crossing Picket Line;"JD Vance has drawn the ire of labor activists, after crossing the picket line by publishing an opinion piece in the Pittsburgh Post-Gazette and defying a strike by the staff.
On Thursday, the newspaper published an article with Vance’s byline, titled “Kamala…";2024-10-24T19:31:27Z;The New Republic;Controversies in Media
Trump’s potential antitrust enforcers may keep Big Tech in their sights;Contenders for prime slots include a top aide to JD Vance and former Department of Justice lawyers;2024-11-12T23:24:20Z;Biztoc.com;Political Views
Immigrants fuel America's economy. Here's proof;Donald Trump has vowed to deport millions of immigrants if he is elected to a second term, claiming that, among other things, foreign-born workers take jobs from others. His running mate JD Vance has echoed those anti-immigrant views.Read more...;2024-10-24T15:02:00Z;Quartz India;Public Appearances and Interviews
JD Vance slams Harris: 'Tomorrow, you're fired';Republican vice presidential candidate JD Vance rallied supporters in Atlanta, taking aim at Vice President Kamala Harris. He criticized Harris in response to President Joe Biden' recent remarks t...;2024-11-04T22:53:56Z;Biztoc.com;Opposition Interactions 
Loyalty, trust and a 'hammer' for Trump: A preview of Vance's vice presidency;JD Vance is expected to tackle whatever Trump assigns him as vice president, with immigration being a key area of interest.;2024-11-13T10:39:32Z;Biztoc.com;Public Appearances and Interviews
‘Ask Yourself A Basic Question About Network Integrity’: JD Vance Calls Out CNN Host Over ‘Russia Hoax’ Coverage;"Republican vice presidential nominee J.D. Vance called out CNN host Jake Tapper over coverage of the “Russia Hoax.""";2024-10-27T17:55:46Z;The Daily Caller;Controversies in Media
‘Thought They Had Killed Him’: JD Vance Says Trump Considered Announcing His VP Pick At Butler Rally;J.D. Vance said Republican nominee Donald Trump considered announcing his vice presidential pick at the notorious rally in Butler, Pennsylvania.;2024-10-31T19:35:35Z;The Daily Caller;Public Appearances and Interviews
Yes, JD Vance Wrote Foreword to Book by Project 2025's Leader;U.S Vice President-elect JD Vance wrote the foreword to a book by the leader of Project 2025, a conservative blueprint for the next Republican presidency.;2024-11-07T23:44:00Z;Snopes.com;Personal
"Full transcript of ""Face the Nation with Margaret Brennan,"" Oct. 27, 2024";"On this ""Face the Nation with Margaret Brennan"" broadcast, Sen. JD Vance and former Rep. Liz Cheney join Margaret Brennan.";2024-10-27T17:44:00Z;CBS News;Public Appearances and Interviews
JD Vance Roasted After Unbelievable Claim About “Normal Gay Guy Vote”;"JD Vance claimed that he and Donald Trump could likely win the votes of “normal” gay men because they “just want to be left the hell alone.” 
Vance appeared on The Joe Rogan Experience Wednesday for a three-hour interview, discussing everything from Emily in…";2024-10-31T20:15:15Z;The New Republic;Controversies in Media
JD Vance’s Idiotic Lies Embarrassingly Exposed Twice in One Day;"JD Vance was called out for lying … again. 
The Ohio senator was caught trying to create a conspiracy theory about retired Gen. John Kelly, Donald Trump’s former chief of staff, who said last week that Trump fits into the “general definition of fascist.”
Du…";2024-10-28T15:46:53Z;The New Republic;Controversies in Media
AOC, Gov. Walz Play Madden On Twitch While Pitching Voters;"Tim Walz teamed up yesterday with Alexandria Ocasio-Cortez for a campaign appearance on Twitch as they played video games and AOC promoted a McDonald’s conspiracy involving Donald Trump. Can you imagine J.D. Vance doing this? Via The Independent:
AOC began th…";2024-10-28T11:29:04Z;Crooksandliars.com;Opposition Interactions 
‘Show Me The Quote!’: JD Vance Fires Back At Tapper After 5-Minute Grilling On Trump’s Alleged Comments;J.D. Vance clashed with Jake Tapper as he centered the interview on concerns from former Trump staff about former President Donald Trump's alleged rhetoric.;2024-10-27T17:43:22Z;The Daily Caller;Controversies in Media
Marco Rubio Dossier Leaked by Reporter Who Published JD Vance Details;"A reporter who leaked the alleged vetting process of Donald Trump's running mate, JD Vance, has published a similar dossier for Florida Senator Marco Rubio.
Journalist Ken Klippenstein published the 551-page document, which purports to detail whether Rubio wo…";2024-11-13T10:39:40Z;Biztoc.com;Controversies in Media
JD Vance Has a New Target in Mind for Trump’s Mass Deportation Plans;"JD Vance has taken Donald Trump’s mass deportation threats to a terrifying new level, implying legal immigrants will also be rounded up. 
At campaign events in Arizona on Tuesday, Vance suggested he’d deport immigrants under legal programs like Temporary Pro…";2024-10-23T18:04:08Z;The New Republic;Political Views
Vance casts vote in Ohio;"Former United States President Donald Trump's running mate, Ohio Senator JD Vance, voted on Tuesday at the St. Anthony of Padua Church polling place in Cincinnati.""I felt good about my own race a coup...";2024-11-05T15:30:28Z;Biztoc.com;Public Appearances and Interviews
JD Vance is leaving the Senate for the vice presidency. That’s set off a scramble for his Ohio seat;"Associated Press COLUMBUS, Ohio (AP) — JD Vance’s election as vice president has opened up one of Ohio’s U.S. Senate seats for the third time in as many years. That&#8217;s set off a scramble for the appointment among ambitious Republicans. GOP Gov. Mike DeWine, a pragmatic center-right politician, will fill the vacancy. Those who lostThe post JD Vance is leaving the Senate for the vice presidency. That&#8217;s set off a scramble for his Ohio seat appeared first on KESQ.";2024-11-22T14:42:41+00:00;kesq;Senate Replacement
Why Trump Allies Say Immigration Hurts American Workers;JD Vance and others on the “new right” say limiting immigration will raise wages and give jobs to sidelined Americans. Many studies suggest otherwise.;2024-11-22T10:03:18+00:00;The New York Times;Political Views
"Opinion &#124; The complicated identity of Usha Vance";The names of President-elect Donald Trump and Vice President-elect JD Vance have been circulating in the news for the last few months. With Trump set to become the 47th president of the U.S., they are in the spotlight more than ever.But one name seems to be left out of the mix: Usha Vance.With her husband set to enter the White House next year as vice president, Usha is poised to become the first Indian American second lady.As a Hindu and a person of color, Usha’s political alignment — especially her support for her husband’s views and Trump’s MAGA platform — has raised confusion...;2024-11-22T01:25:45+00:00;dailyiowan;Personal
Matt Gaetz withdraws as attorney general nominee, says “Trump’s DOJ must be in place and ready on Day 1”;"MGN Washington — Former Florida Rep. Matt Gaetz announced Thursday that he is withdrawing his nomination for attorney general. President-elect Donald Trump tapped Gaetz to lead the Justice Department as the nation&#8217;s top law enforcement officer last week. He swiftly resigned his seat in the House and was on Capitol Hill on Wednesday with Vice President-elect JD Vance, an Ohio senator, meeting with Republicans on...";2024-11-21T19:44:20+00:00;wdef;Public Appearances and Interviews
Pete Hegseth, Vance meet with GOP senators to fight for nomination;JD Vance returns to Capitol Hill today to accompany Trump's pick for Secretary of Defense, Pete Hegseth. There, he'll meet with GOP Senators to discuss his nomination.;2024-11-21T16:51:59+00:00;ABC News;Public Appearances and Interviews
Who's the vice-president elect? Elon Musk or JD Vance?;More than two weeks into Trump’s transition, we know what he wants Musk to do come January, but Vance, the supposed future of MAGA, not so much.;2024-11-21T11:11:56+00:00;latimes;Future of Vice Presidency
Vance debuts new role as Trump’s point person on Capitol Hill;"By Alayna Treene and Steve Contorno, CNN (CNN) &#8212; After rarely being seen in public in the two weeks since he delivered a brief, 46-second victory speech on election night, JD Vance reemerged this week to play one of the most important roles he will be expected to fill as Donald Trump’s No. 2: HisThe post Vance debuts new role as Trump’s point person on Capitol Hill appeared first on News Channel 3-12.";2024-11-21T05:00:48+00:00;keyt;Public Appearances and Interviews
How Trump accidentally helped get several of Biden’s judges confirmed;"As Democrats fight to confirm President Joe Biden's judicial nominees before President-Elect Donald Trump takes the White House in January, GOP lawmakers have been fighting to halt the process. According to a Wednesday International Business Times report, ""Republican senators warned that Donald Trump was hurting their progress by taking some members of Congress to watch the SpaceX launch, causing them to miss votes.""IBT notes that in addition to Senators JD Vance (R-OH) — who is exiting the Senate to serve as Trump's vice president, and Marco Rubio (R-FL) — who Trump selected for the role...";2024-11-21T01:45:56+00:00;alternet;Opposition Interactions 
What Trump’s Immigration Plans Mean for the U.S.;President-elect Donald Trump has promised to launch the largest deportation program in U.S. history. This was estimated by Vice President-elect JD Vance to involve one million removals yearly. Can the...The post What Trump’s Immigration Plans Mean for the U.S. appeared first on Asian Journal News.;2024-11-21T00:54:04+00:00;asianjournal;Political Views
VP-elect JD Vance faces flack from own party for helping Democrats push through Biden judicial nominees;Frustrated Republican Senator says ‘we’ve got potentially dozens’ of judges ‘we could have shoved down our throat’;2024-11-21T00:20:43+00:00;Independent;Opposition Interactions 
VP-elect JD Vance faces flack from own party for helping Democrats push through Biden judicial nominees;VP-elect JD Vance faces flack from own party for helping Democrats push through Biden judicial nominees;2024-11-21T00:20:43+00:00;Yahoo! UK News;Opposition Interactions 
Gaetz, Vance meet with GOP senators ahead of House Ethics Committee meeting;Former Rep. Matt Gaetz is meeting with senators on Capitol Hill Wednesday morning alongside Vice President-elect JD Vance.;2024-11-20T18:39:27+00:00;ABC News;Political Views
AG pick Matt Gaetz back on Capitol Hill to schmooze senators with VP-elect JD Vance;The House ethics committee was due to vote later Wednesday on releasing a report into its investigation of Gaetz.;2024-11-20T16:21:04+00:00;Post;Public Appearances and Interviews
JD Vance Courts Senators With Gaetz and Hegseth, Two Controversial Cabinet Picks;Vice President-elect JD Vance was on Capitol Hill with Matt Gaetz, picked for attorney general, and Pete Hegseth, the Fox News host who is up for secretary of defense.;2024-11-20T15:51:01+00:00;The New York Times;Controversies in Media
JD Vance Accidentally Reveals FBI Director Wray Is Likely Being Replaced;"In an apparent display of frustration and anger, Vice President-elect JD Vance has revealed that the incoming Trump administration is considering replacing FBI Director Christopher Wray. Wray, appointed by Trump during his first term, following his dismissal of Jim Comey, now faces potential removal himself. If Trump proceeds with firing Wray, instead of Wray resigning, [&#8230;]The post JD Vance Accidentally Reveals FBI Director Wray Is Likely Being Replaced appeared first on The New Civil Rights Movement.";2024-11-20T15:31:18+00:00;thenewcivilrightsmovement;Controversies in Media
Trump interviewing candidates for FBI chief, Vance says in social media post, since deleted;Donald Trump is interviewing candidates for FBI director, JD Vance said, another indication that he is looking to replace Christopher Wray.;2024-11-20T02:04:04+00:00;latimes;Controversies in Media
Trump interviewing candidates for FBI chief, Vance says in later-deleted social media post;"WASHINGTON (AP) — President-elect Donald Trump is interviewing candidates for the role of FBI director, incoming Vice President JD Vance said Tuesday in the clearest indication yet that the new administration is looking to replace current director Christopher Wray. In a social media post that was later deleted, Vance defended his absence from a Senate [&#8230;]";2024-11-19T22:05:26+00:00;mymotherlode;Controversies in Media
Vance confirms Trump interviewing candidates to replace Wray as head of the FBI;"Vice President-elect JD Vance let slip that Trump is interviewing candidates to take over the FBI before the current director&#8217;s term is up during a heated X exchange over Biden judicial nominee confirmations. The revelation was buried in a response to a now-deleted post by Steve Bannon&#8217;s War Room CFO Grace Chong, who had blasted...";2024-11-19T21:12:04+00:00;Post;Controversies in Media
This clip of Elon Musk cracking up at memes while Trump ignores him went wildly viral – 17 funniest and deeply relatable responses;"While his vice president elect JD Vance has been conspicuous only by his absence since Donald Trump&#8217;s election win, Elon Musk has been doing a passable impression of a staticy sock. He just won&#8217;t leave Trump&#8217;s side. This latest clip of the two of them together proved particularly memorable, Musk apparently cracking up looking at [&#8230;]The post This clip of Elon Musk cracking up at memes while Trump ignores him went wildly viral &#8211; 17 funniest and deeply relatable responses appeared first on The Poke.";2024-11-18T14:15:01+00:00;thepoke;Controversies in Media
New candidate emerges in crowded field as possible replacement for Vance’s Ohio Senate seat;Gov. Mike DeWine is considering an Ohio attorney and Trump surrogate to fill Vice President-elect JD Vance’s Senate seat once he vacates the position and moves on to the White House.;2024-11-16T22:55:37+00:00;Post;Senate Replacement
Here are the top contenders Trump is vetting to replace FTC Chair Lina Khan: sources;Trump has assembled a shortlist of candidates to replace FTC Chair Lina Khan – including top JD Vance aide Gail Slater and current commissioner Andrew Ferguson, sources told The Post.;2024-11-15T21:08:51+00:00;Post;Future of Vice Presidency
JD Vance plays with his three young kids as robot dog Spot stands guard at Mar-a-Lago;They had a robot dog day afternoon.;2024-11-15T20:55:08+00:00;Post;Personal
JD Vance and wife Usha play with their kids at Mar-a-Lago ... with a Secret Service robot dog lurking in the background;The Vance family took time out from preparing for government to go makebelieve fishing with palm fronds at Mar-a-Lago on Friday morning.;2024-11-15T17:51:02+00:00;Mail;Personal
How will JD Vance’s newly found Catholic faith affect his vice presidential role?;A great many things will matter when JD Vance enters the West Wing of the White House to take office after he is sworn in Jan. 20. How might his Catholicism impact what he brings to a new Trump administration and the business of running America?;2024-11-15T14:26:00+00:00;catholicreview;Personal
What could we see from a Vice President JD Vance?;"Vance will be Trump's ""eyes and ears"" in the Senate, a source said.";2024-11-14T21:56:14+00:00;ABC News;Public Appearances and Interviews
Anti-Haitianism: A Hemispheric Rejection of Revolutionary Blackness;On September 25, 2024, Democratic representative Steven Horsford introduced House Resolution 1500 on the floor of Congress. The intent of the resolution was to censure Republican Congressman Glen Clay Higgins of Louisiana over a social media post that amplified false claims made by former president Donald Trump and his running mate JD Vance that Haitian MoreThe post Anti-Haitianism: A Hemispheric Rejection of Revolutionary Blackness appeared first on CounterPunch.org.;2024-11-14T06:57:52+00:00;counterpunch;Political Views
Reporter remembers the moment RFK Jr. endorsed Trump in Arizona;Swing States Reporter, Cameron Arcand, reflects on his experience covering the 2024 presidential election in Arizona where VP Kamala Harris and President-elect Donald Trump focused on issues like the border, inflation, and abortion rights. Some of Cameron’s most memorable moments include covering both Kamala Harris and JD Vance’s visits to the border, as well as...;2024-11-13T19:02:16+00:00;Post;Opposition Interactions 
Let's see if I get banned again!' Journalist releases Team Trump Rubio dossier;"With U.S. President-elect Donald Trump reportedly set to pick Sen. Marco Rubio as his secretary of state, journalist Ken Klippenstein on Tuesday published a 551-page dossier that the campaign previously compiled on the Florida Republican. Like the dossier on Vice President-elect JD Vance that Klippenstein released on KLIPNEWS in September, the Rubio file ""was offered to major media outlets this summer,"" the independent journalist noted. ""All refused to publish it, not over questions about its authenticity, but because the media thinks it is an arm of the national security state, complying with...";2024-11-13T14:14:07+00:00;alternet;Personal
Senate confirms April Perry as judge after JD Vance blocked her U.S. attorney nomination;The former prosecutor whose nomination to become Chicago’s first female U.S. attorney was blocked by Vice President-elect JD Vance has been confirmed by the U.S. Senate instead as a federal district court judge.President Joe Biden nominated April Perry in July 2023 to become Chicago’s top federal prosecutor. She would have replaced John Lausch, who left office in March 2023 after five years in that role. Related Is time running out for April Perry to become Chicago’s first female U.S. attorney? But her confirmation was blocked by Vance, an Ohio Republican, who said he did it to protest...;2024-11-13T01:27:01+00:00;suntimes;Controversies in Media
Trump’s First Picks Are War Hawks;"A few weeks ago, Vice President-elect JD Vance dubbed Donald Trump “the candidate of peace” during a blitz of Sunday morning show appearances. Vance was talking about a guy who during his last term reportedly expressed interest in firing missiles into Mexico, and mussed about nuking both North Korea and hurricanes. And, less than a [&#8230;]";2024-11-12T23:23:15+00:00;motherjones;Public Appearances and Interviews
Vance in 'catbird seat' for 2028 GOP presidential nomination, but these Republicans may also run;"Vice president-elect JD Vance is the clear front-runner for the 2028 GOP presidential nomination at this extremely early point, but here&apos;s a look at other Republicans who may mull a White House run";2024-11-12T15:10:35+00:00;FOX News - Most Popular;Future of Vice Presidency
More Jews would have voted for Harris with Josh Shapiro on ticket, exit poll finds;The Harris-Walz ticket won Pennsylvania Jewish voters by just seven percentage points over the GOP ticket of Donald Trump and JD Vance.;2024-11-11T22:15:41+00:00;Post;Opposition Interactions 
Trump names Stephen Miller to be deputy chief of policy in new administration;"NEW YORK (AP) — Donald Trump is naming longtime adviser Stephen Miller, an immigration hard-liner, to be the deputy chief of policy in his new administration. Vice President-elect JD Vance posted a message of congratulations on Monday to Miller on X and said, “This is another fantastic pick by the president.” The announcement was first [&#8230;]";2024-11-11T17:03:50+00:00;mymotherlode;Public Appearances and Interviews
Why Black Folks Should Be Scared Of Project 2025, The Reality Of An Election Recount, A Possible Pardon For Diddy By Trump, The Black Film That Influenced JD Vance And Other Stories;Donald Trump has secured a second presidential term and will most likely enact Project 2025, a 920-page policy document devised by the conservative Heritage Foundation that outlines a far-right Christian agenda. The plan will dismantle educational opportunities for Black people, go after LGBTQ+ protections, cut…Read more...;2024-11-09T01:59:00+00:00;theroot;Political Views
Tim Walz pokes fun at JD Vance in first speech since Donald Trump won election;Tim Walz poked fun at JD Vance in his first speech since Donald Trump won the 2024 US presidential election on Friday, 8 November.;2024-11-08T22:01:08+00:00;independent;Opposition Interactions 
Fire is the cornerstone': Project 2025 leader calls for 'burning' of FBI, NY Times in controversial book;"During his 2024 campaign, Donald Trump made a concerted effort to distance himself from Project 2025 — the Heritage Foundation's far-right 920-page blueprint for a second Trump Administration. Trump claimed that he knew nothing about Project 2025, but in fact, his running mate, Sen. JD Vance (R-Ohio), wrote the forward to Heritage leader Kevin Roberts' new book, ""Dawn's Early Light: Taking Back Washington to Save America."" And Project 2025 was designed by a long list of Trump allies. Moreover, there are many parallels between Project 2025 and Trump's own executive order Agenda 47.READ MORE...";2024-11-08T12:59:55+00:00;alternet;Controversies in Media
Angela Rayner continues Labour's love-bombing of Donald Trump (who she once called an 'absolute buffoon') as Deputy PM chats with incoming 'hillbilly' vice president JD Vance;The Deputy Prime Minister revealed she and Mr Vance, a self-proclaimed 'hillbilly', discussed their 'plans for the future' and how they would be 'working together'.;2024-11-08T10:36:11+00:00;Mail;Controversies in Media
Oddsmakers call JD Vance and Gavin Newsom the 2028 frontrunners - but Aaron Rodgers and The Rock make the list;While a list of usual suspects crowds the top, oddsmakers also included some creative predictions for who will become president in four years;2024-11-08T04:45:53+00:00;Independent;Future of Vice Presidency
FREDDY GRAY: Trump's hillbilly Veep JD Vance is now the MAGA heir apparent;Halfway through his victory speech on Tuesday night, a jubilant but exhausted Donald Trump turned to his soon-to-be vice-president, J D Vance, and asked him to take over.;2024-11-08T02:30:52+00:00;dailymail;Public Appearances and Interviews
After Trump wins the ‘influencer election’, why some Democrats want to create their own Joe Rogan;The popular podcast played host to Donald Trump, Elon Musk, and JD Vance in final moments of the 2024 election;2024-11-08T02:05:46+00:00;Independent;Public Appearances and Interviews
Who is Usha Vance, the next second lady of the United States?;"By Arit John and Shania Shelton, CNN (CNN) &#8212; JD Vance has had several introductions to the American people: as the author of a memoir on what ails the White working class, a newly elected Republican senator in his home state of Ohio, a controversial running mate pick and the next vice president of theThe post Who is Usha Vance, the next second lady of the United States? appeared first on KRDO.";2024-11-07T21:23:07+00:00;krdo;Personal
How will Vice President-elect JD Vance's Senate seat be filled?;Vice President-elect JD Vance has served in the U.S. Senate for less than two years and soon the process will begin to pick his replacement in the upper chamber.;2024-11-07T21:09:59+00:00;feeds;Senate Replacement
Moment tiny Indian village where JD Vance wife Usha's parents are from reacts to Trump win;How the ancestral village of Usha Vance's parents in India celebrated the 2024 U.S. presidential election and her husband and Donald Trump's victory.;2024-11-07T20:57:25+00:00;Mail;Personal
Thai Prime Minister congratulates Donald Trump on presidential comeback;"BANGKOK, Thailand &#8211; Prime Minister Paetongtarn Shinawatra, on Nov 7, tweeted on X to congratulate U.S. President Donald Trump @realDonaldTrump and Senator JD Vance @JDVance on their victory in the presidential election. She stated her eagerness to work with them to strengthen the enduring Thailand-U.S. alliance, benefiting citizens of both countries and promoting prosperity in [&#8230;]";2024-11-07T18:57:47+00:00;pattayamail;Controversies in Media
Black Twitter Isn't Feeling Barack and Michelle Obama 'Going High' With Trump In Post-Election Statement;On Wednesday, former President Barack Obama and former first lady Michelle Obama released a statement congratulating Donald Trump and JD Vance on their presidential victory.Read more...;2024-11-07T18:49:10+00:00;theroot;Controversies in Media
Angela Rayner builds bridges with JD Vance whose remarks on UK being 'Islamist nuclear power' she slammed;The Deputy Prime Minister said they discussed how to build on the special relationship;2024-11-07T18:47:38+00:00;thisislondon;Controversies in Media
Americans own guns to protect themselves from psychological as well as physical threats;Kamala Harris, Donald Trump, Tim Walz and JD Vance all have something in common. All four of them, along with an estimated 42% of American adults, have lived in a home with at least one gun.Gun ownership in the United States is widespread and cuts across all sorts of cultural divides – including race, class and political ideology. Like all mass experiences in American life, owning a gun can mean very different things to different people.One thing that American gun owners tend to agree on, no matter their differences, is that guns are for personal protection. In a 2023 Pew survey, 72% of gun...;2024-11-07T16:30:50+00:00;alternet;Political Views
Where future Vice President JD Vance will live when Donald Trump returns to the White House;Kamala Harris is set to move out of the Number One Observatory Circle, where the likes of Joe Biden and George H. W. Bush has previously lived, and JD Vance is set to reside.;2024-11-07T16:04:20+00:00;hellomagazine;Personal
JD Vance was totally unprepared for tough questions from Joe Rogan;ANALYSIS: Republican vice presidential candidate plays out home defense fantasy and speculates that he and Trump will win over ‘normal’ gay men, writes John Bowden;2024-11-07T15:41:59+00:00;Independent;Public Appearances and Interviews
Why Trump’s election puts future of U.S. support for Ukraine in doubt;Trump and his running mate JD Vance have openly railed against continuing American military and financial aid for Ukraine and have vowed to push a negotiated end to the war.;2024-11-07T14:11:19+00:00;globalwinnipeg;Political Views
8 possible replacements that could be appointed by Ohio's governor to replace JD Vance's Senate seat;"Several candidates have been floated as possible replacements to Sen. JD Vance in the Senate which will be determined by Ohio&apos;s Republican Gov. Mike DeWine.";2024-11-07T13:56:01+00:00;FOX News - Video;Senate Replacement
Appalachian locals say JD Vance’s career is built on ‘wild claims’;Silas House, a writer from Kentucky, said he’s always seen Hillbilly Elegy as Vance’s political launch pad. We can see now that it clearly was.’;2024-11-07T11:37:10+00:00;Metro;Controversies in Media
A.P. Chief Minister Chandrababu Naidu congratulates Donald Trump on winning U.S. presidential elections;Chandrababu Naidu also congratulated US Vice President-elect JD Vance’s wife Usha Vance on becoming the first Telugu woman to serve as Second Lady of the US;2024-11-07T08:03:45+00:00;The Hindu;
JD Vance claims his political world view was extremely influenced by Boyz N’ the Hood, and people can’t stop laughing;"Vice President Elect JD Vance appeared on Joe Rogan&#8216;s podcast in the run-up to the election, and much utter BS was spoken. Obviously. For example, Vance claims that &#8211; Extra testosterone is what makes men vote Republican, Doing martial arts increases your chances of becoming a conservative, The Democrats actively want the country to be [&#8230;]The post JD Vance claims his political world view was extremely influenced by Boyz N&#8217; the Hood, and people can&#8217;t stop laughing appeared first on The Poke.";2024-11-07T07:46:47+00:00;thepoke;Controversies in Media
JD Vance's victory historic, a Telugu woman will serve as US Second Lady for first time: Andhra CM;JD Vance's victory historic, a Telugu woman will serve as US Second Lady for first time: Andhra CM;2024-11-07T02:52:52+00:00;deccanchronicle;Personal
Our View: Trump and the great political comeback;"Donald Trump completed the unlikeliest comeback on Tuesday, winning the US presidential elections much more easily than he had done in 2016. His choice for vice president, Senator JD Vance said “I think we just witnessed the greatest political comeback in the history of the United States of America,” and it would be difficult argue [&#8230;]";2024-11-07T02:20:00+00:00;cyprus-mail;Public Appearances and Interviews
I need you to stand up': Simone Biles asks Biden to 'make some things shake' before 2025;"President Joe Biden is getting some encouragement from legendary gymnast Simone Biles to use his last days in the White House wisely. In a tweet posted on Wednesday afternoon, the seven-time Olympic gold medalist asked Biden to make the most of his lame-duck period, though she notably didn't give him any specific instructions.""Mr. Biden, I need you to stand up, straighten your back and make some things shake before your departure,"" Biles tweeted, before concluding with: ""xoxo the women in America,"" with a blue heart emoji.READ MORE: JD Vance: Simone Biles shouldn't be praised for 'weakest...";2024-11-07T00:00:03+00:00;alternet;Opposition Interactions 
Do not ask what Trumpism means for the rest of the world. Trumpism is already here;Donald Trump and JD Vance are not alone. The post Do not ask what Trumpism means for the rest of the world. Trumpism is already here appeared first on Crikey.;2024-11-06T23:32:33+00:00;crikey;Controversies in Media
JD Vance: The 'nerve centre' of a movement now set to become US vice president;What is the author-turned-senator likely to push in his new role over the next four years?;2024-11-06T22:45:31+00:00;TheJournal.ie;Future of Vice Presidency
JD Vance's wife, Usha Vance, set to become history-making second lady;With Ohio Sen. JD Vance set to become the next vice president, Usha Vance is set to be the first Indian-American second lady in the White House.;2024-11-06T18:58:31+00:00;feeds;Personal
When does Donald Trump officially take office as president? Here's a timeline;Here's what we know about when Donald Trump and JD Vance will finally head to the Oval Office, read more…;2024-11-06T18:57:48+00:00;hellomagazine;Future of Vice Presidency
Trump’s victory could mean US withdraws support for Ukraine in war with Russia;"By Jennifer Hansler, CNN (CNN) &#8212; With the reelection of Donald Trump, Ukraine may soon have to adjust to a dramatic reduction in US support that could have a decisive impact on the war with Russia. Throughout his campaign, the Republican president-elect and his running mate, JD Vance, have cast strong doubts on continued USThe post Trump’s victory could mean US withdraws support for Ukraine in war with Russia appeared first on KRDO.";2024-11-06T16:51:01+00:00;krdo;Political Views
JD Vance, Trump’s MAGA successor, will be one of America’s youngest vice presidents;Vance’s victory caps his ideological reversal from anti-Trump author to pro-Trump senator.The post JD Vance, Trump’s MAGA successor, will be one of America’s youngest vice presidents appeared first on Boston.com.;2024-11-06T15:53:55+00:00;boston;Future of Vice Presidency
10 things to know about US VP-elect, JD Vance;"Tribune Online10 things to know about US VP-elect, JD VanceIn recent years, James David Vance has garnered a lot of attention for his work, personal journey, and political ascent. Beginning in rural Ohio, he rose to prominence as a US Senator, author, and venture capitalist. Overcoming hardship and fighting for change in America&#8217;s heartland is the theme of Vance&#8217;s story. Important insights into the [&#8230;]10 things to know about US VP-elect, JD VanceTribune Online";2024-11-06T14:47:27+00:00;tribune;Personal
5 things to know for Nov. 6: Election results, House & Senate races, World leaders react, Abortion rights, Stock market;"CNN By Alexandra Banner, CNN (CNN) &#8212; Former President Donald Trump has pulled off a stunning victory in the 2024 race. The win for the Republican Party will also see JD Vance sworn in as the first millennial vice president. Here’s what else you need to know to Get Up to Speed and On withThe post 5 things to know for Nov. 6: Election results, House & Senate races, World leaders react, Abortion rights, Stock market appeared first on KRDO.";2024-11-06T11:47:48+00:00;krdo;Future of Vice Presidency
Vance: Trump's MAGA heir apparent and, now, VP-elect;With Donald Trump winning the US presidential election, his running mate JD Vance is on his way to the White House as the next vice president of the United States.;2024-11-06T10:51:00+00:00;Deutsche Welle;Future of Vice Presidency
Trump critic turned ally JD Vance elected vice president, offering glimpse at GOP’s potential future;"By Eric Bradner and Alison Main, CNN (CNN) &#8212; Just two years after winning his first run for political office, Ohio Sen. JD Vance is set to become vice president — ushering a new generation into power and offering a potential glimpse at the Republican Party’s future after President-elect Donald Trump’s second term ends. Vance,The post Trump critic turned ally JD Vance elected vice president, offering glimpse at GOP’s potential future appeared first on News Channel 3-12.";2024-11-06T10:41:29+00:00;keyt;Future of Vice Presidency
JD Vance, Trump’s MAGA Successor, Will Be One of America’s Youngest Vice Presidents;Mr. Vance’s victory caps his ideological reversal from anti-Trump author to pro-Trump senator.;2024-11-06T10:35:52+00:00;The New York Times;Political Views
Watch Donald Trump’s victory speech in the 2024 election;President-elect Donald Trump addressed a crowd of his supporters on Election Night around 2:30 a.m. at  the West Palm Beach Convention Center in Florida — following his projected Electoral College landslide and popular vote win. Trump, 78, was flanked on the stage by his family and his running mate, Vice President-elect JD Vance, and promised...;2024-11-06T08:37:37+00:00;Post;Public Appearances and Interviews
MAGA struggles to find an 'heir apparent' to 'singular figure' Trump — here's why;"Former President Donald Trump has said that if he loses the 2024 presidential election, he won't run for president again in 2028. Regardless, Trump wants his MAGA movement to continue, and he sees his running mate, Sen. JD Vance (R-Ohio), as MAGA's future.In an article published on November 4 — the day before the election — Politico's David Siders poses the question: Who, when the time comes, will lead the MAGA movement after Trump?READ MORE: Harassing letters threatening biblical hell fire targets Democratic voters in Wisconsin""The most obvious successor to Trump, sometimes referred to by...";2024-11-06T04:41:33+00:00;alternet;Future of Vice Presidency
The Men Who Swallowed Everything;"Something unusual happened the other week, when podcasting megastar Joe Rogan sat down with Ohio Senator and Republican vice presidential candidate JD Vance. In the midst of a conversation about abortion, Vance claimed that liberal women publicly celebrate terminating their pregnancies with elaborate displays on social media: “They’re baking birthday cakes and posting about it,” [&#8230;]";2024-11-05T18:22:30+00:00;motherjones;Political Views
You Won’t Believe What Classic Black Film Heavily Influenced JD Vance’s Worldview...;As if wannabe Vice President JD Vance didn’t say enough heavily viral, meme-worthy things during his campaign trail, the film he claims is “extremely influential to his entire political worldview” might actually top the listRead more...;2024-11-05T18:22:23+00:00;theroot;Controversies in Media
JD Vance and his wife Usha cast their ballots in Cincinnati, Ohio;VP hopeful JD Vance cast his vote in Cincinnati, Ohio on Nov. 5 — just 30 minutes from the city of Middletown, where he famously grew up in a drug- and alcohol-addicted home. The senator expressed cautious optimism as he confirmed he voted for himself, former President Donald Trump and Senate candidate Bernie Moreno.;2024-11-05T17:53:47+00:00;Post;Public Appearances and Interviews
Trump closes campaign with misogynistic slur, violent rhetoric against women;Republican presidential nominee Donald Trump and his vice-presidential running mate JD Vance closed out their run for the White House by targeting powerful women leaders with name-calling, a misogynistic slur, and surrounding them with violent imagery.Monday night, with a young child sitting just a few feet away, Donald Trump went on a misogynistic rant attacking House Speaker Emerita Nancy Pelosi, the first and only woman to serve as Speaker of the U.S. House of Representatives, which she did twice. “She’s a crooked person,” Trump said of the Democratic U.S. Congresswoman from California...;2024-11-05T17:16:27+00:00;alternet;Controversies in Media
Trump Closes Campaign With Misogynistic Slur, Violent Rhetoric Against Women;"Republican presidential nominee Donald Trump and his vice-presidential running mate JD Vance closed out their run for the White House by targeting powerful women leaders with name-calling, a misogynistic slur, and surrounding them with violent imagery. Monday night, with a young child sitting just a few feet away, Donald Trump went on a misogynistic rant [&#8230;]The post Trump Closes Campaign With Misogynistic Slur, Violent Rhetoric Against Women appeared first on The New Civil Rights Movement.";2024-11-05T16:59:03+00:00;thenewcivilrightsmovement;Controversies in Media
JD Vance Casts His Ballot In Ohio: “I Feel Good About This Race”;Republican vice-presidential nominee JD Vance cast his ballot in-person this morning at his polling place in Cincinnati. The senator appeared in good spirits as he arrived at St. Anthony of Padua Church to vote with his wife, Usha, and their children. “I feel good, you never know until you know, but I feel good about this race,” Vance said. “I felt good about my own race a couple years ago when I voted in this exact same spot. Hopefully it goes as well for President Trump and me as it went for me a couple years ago in the state of Ohio.”;2024-11-05T15:52:53+00:00;theyeshivaworld;Public Appearances and Interviews
AOC chimes in after JD Vance refers to Kamala Harris as 'trash';"Rep. Alexandria Ocasio-Cortez commented after Sen. J.D. Vance called Vice President Kamala Harris &quot;trash.&quot;";2024-11-05T15:36:13+00:00;FOX News - Video;Opposition Interactions 
JD Vance cautiously confident as he casts vote for Trump: ‘You never know until you know’;CINCINNATI, Ohio — VP hopeful JD Vance cast his vote today here — just 30 minutes from the city of Middletown, where he famously grew up in a drug- and alcohol-addicted home. “For me to be standing here today is a testament to the American dream,” Vance told reporters outside the precinct. “My heart is...;2024-11-05T15:26:40+00:00;Post;Public Appearances and Interviews
Inside JD Vance's seven-state 24-hour mission to clinch a Trump victory;It is not the question Vance expected as he spent the final day of the campaign criss-crossing battleground states to seal the deal with American voters.;2024-11-05T15:08:22+00:00;dailymail;Public Appearances and Interviews
Whiz-bang political chess move': AOC mocks JD Vance after he calls Harris 'trash';"During a MAGA rally in Atlanta on Monday afternoon, November 4, Donald Trump's running mate, Sen. JD Vance (R-Ohio), angrily railed against Vice President Kamala Harris. Vance told the crowd, ""In two days, we're going to take out the trash, and the trash's name is Kamala Harris.""In a November 4 post on X, formerly Twitter, Rep. Alexandria Ocasio-Cortez (D-New York) responded to Vance's rhetoric with biting mockery.AOC posted, ""Not too sure that Republicans going from calling Puerto Ricans garbage to calling a woman garbage is the whiz-bang political chess move they think it is."" READ MORE...";2024-11-05T14:50:27+00:00;alternet;Opposition Interactions 
JD Vance calls Harris ‘trash’ in final speech to voters – despite GOP fury over Biden’s ‘garbage’ line;Garbage has bizarrely become a late buzzword this election cycle;2024-11-05T14:45:35+00:00;The Independent;Opposition Interactions 
WATCH: JD Vance will still ‘love you’ if you don’t vote for him;Former President Donald Trump’s running mate spoke to reporters after voting on Election Day in Ohio.;2024-11-05T14:37:03+00:00;ABC News;Public Appearances and Interviews
LIVE: Trump running mate JD Vance casts vote as nearly all US states open polls;The latest opinion polls show a dead heat between Harris and Trump.;2024-11-05T14:33:00+00:00;thejournal;Public Appearances and Interviews
Meet JD Vance's wife Usha and their three children he's shielding from 'scrutiny';Republican Vice Presidential candidate JD Vance is married to wife Usha Chilukuri and they share three children, Ewan, Vivek and Mirabel. Find out more about his family…;2024-11-05T13:36:34+00:00;hellomagazine;Personal
Inside JD Vance's seven-state 24-hour mission to clinch a Trump victory - with the price of milk and a look at the savvy that could make him the next VP;It is not the question Vance expected as he spent the final day of the campaign criss-crossing battleground states to seal the deal with American voters.;2024-11-05T11:51:56+00:00;Mail;Public Appearances and Interviews
JD Vance has changed his name multiple times over the years. These are the different names he’s gone by;Over the course of his 39 years, Vance's first, middle and last names have all been altered in one way or another.;2024-11-05T11:06:00+00:00;Fortune;Personal
JD Vance calls Kamala Harris 'trash' as both candidates wrap up campaigns;JD Vance calls Kamala Harris 'trash' as both candidates wrap up campaigns;2024-11-05T06:40:32+00:00;Yahoo! UK News;Opposition Interactions 
British lobbyists funded $1M pro-Ukraine campaign targeting top US Republicans;Freedom at Home and Abroad received funding from a well-connected U.K. firm. Then it took on JD Vance and Marjorie Taylor Greene.;2024-11-05T03:01:00+00:00;europeanvoice;Political Views
Nicolle Wallace Says JD Vance ‘Effed Up’ Worse Than Sarah Palin by Calling Kamala Harris ‘Trash’ | Video;"""Lights out,"" the stunned MSNBC anchor says of Trump's campaign as she replays the clip in question three timesThe post Nicolle Wallace Says JD Vance ‘Effed Up’ Worse Than Sarah Palin by Calling Kamala Harris ‘Trash’ | Video appeared first on TheWrap.";2024-11-05T01:49:28+00:00;thewrap;Controversies in Media
Commissioners Praise Rosenworcel After Announcing FCC Exit;FCC Chairwoman Jessica Rosenworcel announced her intention to follow standing protocol and depart the agency on January 20, 2025, coinciding with the transition from the Biden-Harris administration to President-elect Donald Trump and J.D. Vance.;2024-11-21T17:22:25+00:00;radioink;Opposition Interactions 
‘The View’: Whoopi Goldberg Speculates Elon Musk Is Trump’s “Actual Vice President”;"Goldberg thinks J.D. Vance is ""kind of an interim."" ";2024-11-21T16:53:43+00:00;Post;Controversies in Media
Jimmy Kimmel Says J.D. Vance Is “Chaperoning The World’s Creepiest Prom King” After He Was Spotted With Matt Gaetz In DC;Vance is in D.C. drumming up support for Trump's cabinet picks, while the president has been making public appearances with Elon Musk.;2024-11-21T15:34:28+00:00;Post;Public Appearances and Interviews
Distrustful, angry and ignored: Rural voters are more complicated than you think;Is Wisconsin — or the country — really as divided as the maps make it look? On the spreadsheet of unofficial election totals posted by each of Wisconsin’s 72 counties following the election Nov. 5, a handful showed a clear majority for the Democratic presidential ticket of Vice President Kamala Harris and Minnesota Gov. Tim Walz. Many more counties were won by the winning Republican ticket of former President Donald Trump and Ohio Sen. J.D. Vance. Trump garnered enough votes to carry Wisconsin and enough states to return to the Oval Office in January. A lot of those Trump-voting counties...;2024-11-21T13:32:38+00:00;alternet;Opposition Interactions 
Republicans on House Ethics reject for release of report on Matt Gaetz;In one his first jobs as VP-elect, J.D. Vance is seeking to rally support for Trump’s controversial nominee for attorney-general.;2024-11-21T03:55:40+00:00;The Sydney Morning Herald;Political Views
‘Grave allegations’: J.D. Vance dispatched as battle over Matt Gaetz nomination begins;In one his first jobs as VP-elect, Vance is seeking to rally support for Trump’s controversial nominee for attorney general.;2024-11-20T20:15:52+00:00;watoday;Controversies in Media
Matt Gaetz arrives with J.D. Vance on Capitol Hill with decision on releasing his 'underage sex' ethics report looming;Ex-Rep. Matt Gaetz is back in Congress to convince senators why he should be confirmed as attorney general despite his 'sex party' scandals.;2024-11-20T15:26:31+00:00;Mail;Controversies in Media
VP-Elect J.D. Vance Reveals Interviews for New FBI Director;The Trump administration appears to be exploring options for a new FBI director, as Vice President-elect J.D. Vance indicated in a now-deleted social media post on Tuesday. ;2024-11-20T12:40:39+00:00;ticklethewire;Controversies in Media
Implication for National Security: What If a Top Leader is Willing to Sell His Soul?;J.D, Vance explained in 2020 why he put aside the elitist atheism he picked up in college and law school to become a Catholic (“How I Joined the Resistance,” The Lamp, April 1, 2020). His quest for a meaningful life led Vance to be baptized a Catholic in 2019. The sentiments he so eloquently endorsed in 2020 suggested that in politics he would act as a Pope Francis progressive—the very opposite of a sophist acolyte for Donald J. Trump. Instead, we now see a vice-presidential candidate who lives by what Peter Quinn calls the “Wanton Opportunism” of a “Horatio Hillbilly,” Commonweal...;2024-11-20T06:58:16+00:00;counterpunch;Personal
‘Emboldened to spread hate’: Leaders condemn neo-Nazi march in Ohio;Demonstrators clad in black marched through the streets of Ohio waving the swastika flag, not far from the office of Vice President-elect J.D. Vance.;2024-11-19T04:30:00+00:00;The Age;Controversies in Media
The election is over, but bettors are still wagering on these 8 political predictions;Prediction markets suggest the 2028 Presidential matchup will be between California Governor Gavin Newsom and Vice President-elect J.D. Vance.;2024-11-16T21:15:02+00:00;sports;Future of Vice Presidency
Which Celebrities Are Leaving the Country After Trump’s Election Win?;Celebrities have reacted to President-elect Donald Trump and J.D. Vance’s win in the 2024 presidential election. See which stars have allegedly claimed they would leave the country below.;2024-11-14T19:53:03+00:00;hollywoodlife;Opposition Interactions 
Former intel officials brace for unprecedented retaliation from from Trump administration;Vice President-elect J.D. Vance has vowed to strip security clearances from dozens of former intelligence officials who signed a letter less than a month before the 2020 election warning that the Hunter Biden laptop bore the “earmarks of a Russian information operation.”The targeted individuals include some of the top intelligence officials from the administrations of at least two former presidents. Among them are James Clapper, who served as director of national intelligence under President Barack Obama, and three former CIA directors—John Brennan, Leon Panetta and Mike Hayden—who...;2024-11-13T13:20:24+00:00;alternet;Political Views
Rubio the right choice for secretary of state;JACKSONVILLE, Fla. — Down the stretch of Donald Trump’s campaign, one senator was stalwartly at his side. And while he might not have been the right choice for veep, especially given J.D. Vance’s evolution throughout the campaign that included Q&As in every swing-state market and an expert dismantling of Tim Walz in last month’s debate, it’s...;2024-11-11T20:53:47+00:00;Post;Future of Vice Presidency
Joe Rogan Confesses to Ignoring Dana White’s Request for Donald Trump in 2017 as UFC CEO’s Biggest Influence Revealed;"After learning of his sweep of the elections, Donald Trump came out to give a celebratory speech in which he had a special message for the media, whom he referred to as &#8220;enemy territory.&#8221; He mocked the defeat of the old media and praised Vice President-elect J.D. Vance&#8217;s willingness to move into the opposite camp [&#8230;]The post Joe Rogan Confesses to Ignoring Dana White’s Request for Donald Trump in 2017 as UFC CEO’s Biggest Influence Revealed appeared first on EssentiallySports.";2024-11-11T04:40:50+00:00;Essentially Sports;Controversies in Media
Ohio governor preparing to fill U.S. Senate vacancy left by Vance;Ballots in some districts are still being tallied, but the broad strokes of the 2024 election are clear, and the results mean Ohio Gov. Mike DeWine has a big decision to make. J.D. Vance is jumping from U.S. Senator to Vice President-elect leaving a vacancy DeWine needs to fill. Whoever he chooses will serve for the next two years, with the opportunity to defend the seat in the next federal election in 2026. And since Vance was elected in 2022, his replacement would have to turn around and do it all over again in 2028. “It’s got to be someone who wants to spend the next four years not just...;2024-11-08T10:31:54+00:00;alternet;Senate Replacement
How Peanut the squirrel became a right-wing icon;“He’s, like, a genius. Or he was,” according to Vice President-elect J.D. Vance. How a rodent influencer became a symbol of justice.;2024-11-08T03:23:27+00:00;The Age;Public Appearances and Interviews
Biden Delivers Speech Today: His Statement About the 2024 Election;President Joe Biden addressed the nation following the results of the 2024 presidential election. Learn more about what the President had to say regarding the victory of President-elect Donald Trump and his running mate, J.D. Vance.;2024-11-07T17:59:29+00:00;hollywoodlife;Opposition Interactions 
Aaron Rodgers has better odds to win 2028 election than Jets have to win Super Bowl;"With the 2024 election in the books, some eyes have already shifted toward 2028. That includes at sportsbooks, which are already offering odds on who will succeed Donald Trump following the conclusion of his upcoming second term. While such lists are filled with the usual suspects &#8212; Vice President Elect J.D. Vance and Pennsylvania governor Read more...The post Aaron Rodgers has better odds to win 2028 election than Jets have to win Super Bowl appeared first on Awful Announcing.";2024-11-07T15:30:59+00:00;awfulannouncing;Future of Vice Presidency
Some Ideas About What Vice President J.D. Vance Will Be Like;The main thing he has done consistently for the past few years is ... whatever Trump wants.;2024-11-07T10:35:00+00:00;Slate Magazine;Future of Vice Presidency
El mundo reacciona al triunfo de Donald Trump;"Ángela Reyes Haczek (CNN Español) &#8212;  Donald Trump se convertirá en el 47º presidente de Estados Unidos y J.D. Vance en vicepresidente, según una proyección de la CNN Decision Desk. Así han reaccionado los líderes mundiales frente al posible regreso del expresidente a la Casa Blanca. Netanyahu felicita a Trump por &#8220;el mayor regreso deThe post El mundo reacciona al triunfo de Donald Trump appeared first on KESQ.";2024-11-07T02:50:53+00:00;kesq;Future of Vice Presidency
Which Celebrities Are Leaving the Country After Trump’s Election Win?;Celebrities have reacted to President-elect Donald Trump and J.D. Vance’s win in the 2024 presidential election. See which stars have allegedly claimed they would leave the country below.;2024-11-07T00:04:03+00:00;hollywoodlife;Controversies in Media
Barack & Michelle Obama Congratulate Trump, Say Election Outcome Wasn't What They Hoped For;"Former President Barack and former First Lady Michelle Obama have spoken out to congratulate Donald Trump and J.D. Vance on their big win, and acknowledge Kamala Harris and Tim Walz’s loss in the 2024 presidential election. In an X statement&hellip;";2024-11-06T23:57:21+00:00;tmz;Future of Vice Presidency
Celebrities React to Trump’s Election 2024 Win;Donald Trump and J.D. Vance’s win has prompted many celebrities to react on social media. See below for what celebrities have said.;2024-11-06T21:04:52+00:00;hollywoodlife;Controversies in Media
Guest column: Trick-or-treat costumes of the 2024 election;"This year, Halloween was a welcome respite from the terrors of the 2024 election, with ghoulish Donald Trump and J.D. Vance heading the GOP ticket. I welcomed Halloween, despite dreading it as a child. Although our parents made us fabulous costumes, I hated trick or treating: Even with warm weather I felt cold, and I [&#8230;]";2024-11-06T19:15:28+00:00;timesrecord;Controversies in Media
"Governor will select Vance&#39;s replacement in U.S. Senate";COLUMBUS — Voters’ promotion of Cincinnati’s J.D. Vance to vice president-elect on Tuesday hands Gov. Mike DeWine the responsibility of naming his replacement in the U.S. Senate.;2024-11-06T18:51:10+00:00;toledoblade;Senate Replacement
Trump proposed big Medicaid and food stamp cuts. Can he pass them?;President-elect Donald Trump, Vice President-elect J.D. Vance (R-OH), and Speaker of the House Mike Johnson (R-LA) at the Republican National Convention in 2024. Johnson and Vance will have to shepherd any safety net cuts through Congress. | Joe Raedle/Getty ImagesNow that it is clear Donald Trump will become president again and will have a Republican Senate and almost certainly a Republican House to back him, it’s important to ask: What will he do with these majorities? And given his track record last time, what will it mean for poor Americans and the programs they rely on?The last time...;2024-11-06T18:20:20+00:00;VOX;Political Views
How Did Donald Trump Win the 2024 Election?;Donald Trump has been elected President of the United States, with J.D. Vance as Vice President, in the 2024 presidential election. Read more below on how the Republican Party secured their victory.;2024-11-06T17:55:12+00:00;hollywoodlife;Political Views
After Trump’s Election Victory, Progressive Activists Ponder What Went Wrong for Democrats;"As of production deadlines early on Wednesday morning Nov. 6, election returns from across the country indicated that twice-impeached former president Donald Trump and his vice presidential running mate Ohio Senator J.D. Vance have been elected to a four-year term. While the Republicans have retaken control of the U.S. Senate, it’s uncertain which party will [&#8230;]The post After Trump&#8217;s Election Victory, Progressive Activists Ponder What Went Wrong for Democrats appeared first on BTL.";2024-11-06T15:05:15+00:00;btlonline;Political Views
Trump, Vance cast their votes on Election Day;Donald Trump and his running mate J.D. Vance cast their votes Tuesday morning.;2024-11-05T18:23:19+00:00;journal-advocate;Public Appearances and Interviews
J.D. Vance’s election clincher: Reaching non-white ‘forgotten Americans’;Vice Presidential nominee J.D. Vance has become an electoral asset for Team Trump ever since his stomping debate victory against Tim Walz, including persuading some wavering voters — if post-debate polling is any indication. Throughout his months-long introduction to much of America, he has leaned heavily on his biography, and for good reason — Vance’s rise from...;2024-11-05T17:20:29+00:00;Post;Opposition Interactions 
When Is Election Day 2024? Date to Vote;Election Day, November 5, will determine the next elected President and Vice President, with the race between the Democratic candidates Kamala Harris and Tim Walz and the Republican candidates Donald Trump and J.D. Vance.;2024-11-04T20:42:23+00:00;hollywoodlife;Opposition Interactions 
J.D. Vance predicts when America will find out the election result in the final hours of the campaign;Sen. J.D. Vance, Donald Trump's running mate, believes America will know the result of the 2024 election on Tuesday night as momentum shifts toward the Republican ticket;2024-11-04T20:27:12+00:00;dailymail;Public Appearances and Interviews
VP candidates campaign in Arizona days before Election Day;Vice Presidential candidates Tim Walz and J.D. Vance visited Arizona over the weekend. The visits come just days before Election Day.The post VP candidates campaign in Arizona days before Election Day appeared first on KYMA.;2024-11-04T19:18:28+00:00;kyma;Opposition Interactions 
This Election Was Really, Truly Not Normal. Unfortunately for Us, That’s the New Norm.;The most telling problem with this election? J.D. Vance swapping in for Mike Pence.;2024-11-04T10:40:00+00:00;Slate Magazine;Controversies in Media
The One Clarifying Moment From J.D. Vance’s Outrageous Joe Rogan Interview;He made a case that Trump never could.;2024-11-01T21:53:49+00:00;Slate Magazine;Controversies in Media
Former Michigan GOP lawmakers join growing chorus of Republicans for Harris;More Michigan Republicans have publicly identified their support for Vice President Kamala Harris in her race to win the White House over former President Donald Trump, and urged other Republicans to join them “in putting country over party.” Ahead of the visit to Portage set for Friday afternoon by GOP vice presidential nominee, U.S. Sen. J.D. Vance (R-Ohio), former state Reps. Dave Maturen (R-Vicksburg) and Dave Pagel (R-Berrien Springs) gathered in Kalamazoo and urged Michigan Republicans to reject the authoritarianism of a second Trump term and help turn out voters for Harris. Trump...;2024-11-01T18:01:36+00:00;alternet;Opposition Interactions 
J.D. Vance reveals he was supposed to be on stage with Trump when he was shot... and how he reacted as terror unfolded;Sen. JD Vance revealed Thursday he could have been at the rally in Butler, Pennsylvania when former President Donald Trump was shot.;2024-10-31T22:28:13+00:00;Mail;Controversies in Media
J.D. Vance and Joe Rogan deliver their best impressions of Kamala Harris' 'word salads';J.D. Vance and podcaster Joe Rogan imitated some of Vice President Kamala Harris ' most famous word salads in an interview released Thursday.;2024-10-31T21:57:42+00:00;Mail;Opposition Interactions 
J.D. Vance Tells Joe Rogan He Drove Home, Loaded His Guns After Trump Shooting;"J.D. Vance was ready to defend his homestead after Donald Trump was nearly shot in July .... he drove home and immediately loaded his guns -- ready to go down shooting! The Republican nominee for vice president went on ""The Joe Rogan Experience""&hellip;";2024-10-31T20:39:44+00:00;tmz;Public Appearances and Interviews
Pennsylvania Puerto Rican veteran blasts Biden for trashing Trump supporters: ‘Garbage literally flies out of his mouth’;"BEDFORD, Pa. — A Puerto Rican woman trashed President Biden for calling Donald Trump&#8217;s supporters “garbage” after a J.D. Vance rally Wednesday at a rural airport in southwestern Pennsylvania. “Biden is a bumbling idiot — point blank. He starts talking, and then garbage literally flies out of his mouth,” Jessie Anderson, a decade-long Army veteran...";2024-10-31T17:08:53+00:00;Post;Controversies in Media
Jennifer Aniston Says She Voted for Kamala Harris After Weighing In on J.D. Vance's 'Childless Cat Lady' Diss;"The Morning Show' star endorsed the Democratic ticket, and encouraged others to vote, writing on Instagram, ""Your voice matters""";2024-10-30T22:01:23+00:00;sports;Opposition Interactions 
J.D. Vance Next In Line for Joe Rogan Podcast;"While Joe Rogan plays the waiting game for a potential Kamala Harris interview, he’s already lined up his next podcast guest -- none other than Ohio Senator J.D. Vance, who's following in the footsteps of his running mate, former president Donald&hellip;";2024-10-29T17:18:20+00:00;tmz;Public Appearances and Interviews
J.D. Vance to sit down with Joe Rogan this week after Kamala Harris snubs the popular podcaster;Republican vice presidential nominee J.D. Vance will join famous podcaster Joe Rogan on his show this week.;2024-10-29T15:51:01+00:00;Mail;Public Appearances and Interviews
There’s a Theory That All Monsters Are Gay. So What Does That Make J.D. Vance?;One unexpected corner of culture can explain a lot about the election.;2024-10-28T09:45:00+00:00;Slate Magazine;Controversies in Media
Liz Cheney on Vance and Trump and women voters;Former United States Representative Liz Cheney (R-WY) spoke with Margaret Brennan on Face the Nation Sunday in response to Vice Presidential nominee J.D. Vance's comments and women voters in the United States.The post Liz Cheney on Vance and Trump and women voters appeared first on KYMA.;2024-10-27T18:15:23+00:00;kswt;Controversies in Media
Vice Presidential nominee J.D. Vance on U.S. troops in the Middle East, election interference and more;Vice Presidential Nominee J.D. Vance spoke with Margaret Brennan on Face the Nation Sunday about with drawing U.S. troops from various locations in the Middle East, election interference and Liz Cheney's comments about former President Trump and Vance.The post Vice Presidential nominee J.D. Vance on U.S. troops in the Middle East, election interference and more appeared first on KYMA.;2024-10-27T17:55:07+00:00;kswt;Political Views
So you made it up': J.D. Vance busted by Jake Tapper for lying about John Kelly;"""You said the other day, quote, I guarantee John Kelly talked to somebody on Kamala Harris' campaign beforehand, before he did this interview,"" Tapper noted during a CNN interview with Vance that aired on Sunday.Tapper said he had ""spoken with people in John Kelly's circle, and I've spoken with people in the Kamala Harris campaign.""""They say there's been no communication the entire time,"" the CNN host explained. ""So where did that come from?""""Oh, I'm highly skeptical of that, Jake,"" Vance replied. ""You know the way that these attacks work.""""So you made it up,"" Tapper noted.""No, I said that the...";2024-10-27T15:00:02+00:00;alternet;Controversies in Media
Chinese hackers targeted phones affiliated with Harris campaign;Republican presidential candidate Donald Trump and his running mate, J.D. Vance, were also targeted, according to media reports.;2024-10-25T23:03:20+00:00;brisbanetimes;Controversies in Media
The Travesty of the CBP One App;J. D. Vance is right.;2024-10-07T10:30:25+00:00;nationalreview;Controversies in Media
J. D. Vance takes down Tim Walz: Letters to the Editor — Oct. 5, 2024;NY Post readers discuss the vice presidential debate between Gov.Tim Walz and Sen. J.D. Vance.;2024-10-04T21:13:23+00:00;Post;Opposition Interactions 
Hurricane Helene Brings Climate into the Spotlight in Vice Presidential Debate;J. D. Vance and Tim Walz clashed over whether climate change is real and what solutions should look like (and whether they’re needed at all).;2024-10-02T19:04:59+00:00;Eos: Earth And Space Science News;Opposition Interactions 
J. D. Vance’s Big Night;The Ohio senator won on substance as well as style.;2024-10-02T04:09:25+00:00;nationalreview;Public Appearances and Interviews
"Springfield&#8217;s Immigration Controversy: Trump, Vance, and the Viral Lies Fueling Fear.";"(ThyBlackMan.com) Whoa, folks! The recent kerfuffle over Haitian immigrants in Springfield, Ohio has really got me going. This ain&#8217;t your average small-town drama — it&#8217;s a window into some seriously messed-up stuff plaguing our nation.A Perfect Storm BrewingPicture this: sleepy Midwestern burg suddenly thrust into limelight. Why? Some locals got their underwear in a twist over Haitian newcomers. But here&#8217;s the rub — this Hubbub hides something way nastier than neighborly squabbles.Donald Trump and his sidekick J. D. Vance — big-shot politicos — latched onto this...";2024-09-28T22:02:26+00:00;thyblackman;Political Views
The Daily Cartoon and Live Briefing: Monday, September 23, 2024;"The Bunnell City Commission meets, the Flagler County Beekeepers Association meets, the final words of a dying coal miner in the Fraterville mine disaster of 1902, a few words from Frank Kilgore’s ""J. D. Vance Is a Fake Hillbilly.""The post The Daily Cartoon and Live Briefing: Monday, September 23, 2024 appeared first on FlaglerLive.";2024-09-23T10:00:06+00:00;flaglerlive;Controversies in Media
For Republican Candidates, Media Hit Jobs Are a Fact of Life;Media outlets took J. D. Vance’s words out of context and made him look heartless as a result. Should we be surprised?;2024-09-08T10:30:37+00:00;nationalreview;Controversies in Media
Randi Weingarten Isn’t Really a Mother or a Stepmother;In response to resurfaced comments by J. D. Vance, Weingarten again claimed to be a ‘mom by marriage.’ That’s a stretch.;2024-08-29T18:05:48+00:00;nationalreview;Controversies in Media
J. D. Vance’s One-Track Mind for Railroad Regulation;A mandate backed by the VP hopeful wouldn’t make trains any safer, but it would damage the ability of the rail industry to pursue automation.;2024-08-16T10:30:27+00:00;nationalreview;Opposition Interactions 
ANÁLISIS | El equipo de Trump ataca a Walz y a su historial militar en un intento de frenar a Harris;"Melissa Velásquez Loaiza (CNN) &#8212; Era el primer gran día de la lucha por el Medio Oeste de Estados Unidos que probablemente decida las elecciones de 2024, y faltaba alguien importante: el expresidente Donald Trump. La campaña de Trump está a la ofensiva, con su candidato a vicepresidente, el senador de Ohio J. D. Vance,The post ANÁLISIS | El equipo de Trump ataca a Walz y a su historial militar en un intento de frenar a Harris appeared first on KRDO.";2024-08-09T13:53:28+00:00;krdo;Opposition Interactions 
Universities Are Not the Enemy;While J. D. Vance and the populist Right are attacking universities, other conservatives are working to reform them and win the battle of ideas.;2024-08-03T10:30:59+00:00;nationalreview;Political Views
Searching for JD Vance;"What explains the meteoric rise of a little-known principal at an investment firm to one of the youngest, least politically experienced Vice-Presidential candidates in US history? How did Senator J. D. Vance rise from relative obscurity in 2016 to become the current running mate to Donald Trump? Simple: groveling service to the ruling class. In [&#8230;]The post Searching for JD Vance first appeared on Dissident Voice.";2024-08-03T03:34:08+00:00;dissidentvoice;Personal
How J. D. Vance Can Make It through His Trial by Fire;Lessons from his predecessors.;2024-08-01T10:30:48+00:00;nationalreview;Personal